EQ,EN,R,PAN,PRI,PRD,PT,PVEM,MC,MORENA,PES,RSP,FPM,IND,LMU
nieto,00,061920,81,58,22,33,29,19,136,8,2,1,0,0
nieto,00,061920,93,70,32,42,39,28,152,14,13,12,4,1
nieto,00,061920,105.004999999999,83,42,51.0049999999992,50,39,168,23,22,20,10,2
