EQ,EN,R,PAN,PRI,PRD,PT,PVEM,MC,MORENA,PES,RSP,FPM,IND,LMU
nieto,00,061935,87,62,19,32,32,18,152,0,0,1,0,0
nieto,00,061935,98,74,27,40,41,25,167,9,8,11,2,1
nieto,00,061935,109,86,36,48,51,33,182,15.0049999999992,15,18,7.0049999999992,2
